<?xml version="1.0" encoding="UTF-8"?>

<mule xmlns:jms="http://www.mulesoft.org/schema/mule/jms"
	xmlns:json="http://www.mulesoft.org/schema/mule/json" xmlns:db="http://www.mulesoft.org/schema/mule/db" xmlns:tracking="http://www.mulesoft.org/schema/mule/ee/tracking" xmlns="http://www.mulesoft.org/schema/mule/core" xmlns:doc="http://www.mulesoft.org/schema/mule/documentation"
	xmlns:spring="http://www.springframework.org/schema/beans" 
	xmlns:xsi="http://www.w3.org/2001/XMLSchema-instance"
	xsi:schemaLocation="http://www.mulesoft.org/schema/mule/jms http://www.mulesoft.org/schema/mule/jms/current/mule-jms.xsd
http://www.springframework.org/schema/beans http://www.springframework.org/schema/beans/spring-beans-current.xsd
http://www.mulesoft.org/schema/mule/core http://www.mulesoft.org/schema/mule/core/current/mule.xsd
http://www.mulesoft.org/schema/mule/ee/tracking http://www.mulesoft.org/schema/mule/ee/tracking/current/mule-tracking-ee.xsd
http://www.mulesoft.org/schema/mule/db http://www.mulesoft.org/schema/mule/db/current/mule-db.xsd
http://www.mulesoft.org/schema/mule/json http://www.mulesoft.org/schema/mule/json/current/mule-json.xsd">
	<db:generic-config name="Generic_Database_Configuration" url="jdbc:sqlserver://test1729.database.windows.net:1433;database=company;user=admin123@test1729;password=Ar@vind1;encrypt=true;trustServerCertificate=false;hostNameInCertificate=cr1.westcentralus1-a.control.database.windows.net;loginTimeout=30;" driverClassName="com.microsoft.sqlserver.jdbc.SQLServerDriver" doc:name="Generic Database Configuration"/>
	<flow name="pagination">
		<set-variable variableName="limit" value="#[message.inboundProperties.'http.query.params'.limit != null ? message.inboundProperties.'http.query.params'.limit : 20] " doc:name="limitVar"/>
		<set-variable variableName="offset" value="#[message.inboundProperties.'http.query.params'.offset != null ? message.inboundProperties.'http.query.params'.offset : 0] " doc:name="offsetVar"/>
		<logger message="#['\n'] limit : #[flowVars.limit]  #['\n'] offset : #[flowVars.offset]" level="INFO" doc:name="Logger"/>
		<db:select config-ref="Generic_Database_Configuration" doc:name="Database">
			<db:dynamic-query><![CDATA[select * from employees 
ORDER BY no
OFFSET #[flowVars.offset] ROWS
FETCH NEXT #[flowVars.limit] ROWS ONLY]]></db:dynamic-query>
		</db:select>
		<json:object-to-json-transformer doc:name="Object to JSON"/>
		<logger message="#[payload]" level="INFO" doc:name="Logger"/>
		<exception-strategy ref="Global_Exception_Strategy" doc:name="Reference Exception Strategy"/>
		
	</flow>
	<choice-exception-strategy name="Global_Exception_Strategy">
<rollback-exception-strategy maxRedeliveryAttempts="2" doc:name="Rollback Exception Strategy" when="#[exception.causedBy(java.sql.SQLException)]">
            <logger message="Rolling back: #[message.inboundProperties.'JMSXDeliveryCount' == null  ? 1 : message.inboundProperties.'JMSXDeliveryCount'] #[exception.class]" level="ERROR" doc:name="Log Rollback Details to Console"/>
            <on-redelivery-attempts-exceeded>
                <logger message="#### System exception. #[exception.class]" level="ERROR" doc:name="Log Redelivery Exhausted to Console"/>
                <copy-properties propertyName="*" doc:name="Copy Header Properties"/>
                <message-properties-transformer doc:name="Add to Header Properties">
                    <add-message-property key="EXCEPTION_MESSAGE" value="Database unavailable"/>
                    <add-message-property key="MULE_REDELIVERY_COUNT" value="#[message.inboundProperties.'JMSXDeliveryCount' -1]"/>
                </message-properties-transformer>
				<logger message="#[message]" level="INFO" category="xxxx" doc:name="Logger"/>
               
            </on-redelivery-attempts-exceeded>
        </rollback-exception-strategy>	</choice-exception-strategy>
	
</mule>


